{
	"info": {
		"_postman_id": "e8ef5bcd-4297-4783-bad7-3a2f4db4330d",
		"name": "Product-Service",
		"schema": "https://schema.getpostman.com/json/collection/v2.1.0/collection.json",
		"_exporter_id": "29886816"
	},
	"item": [
		{
			"name": "Get Product",
			"request": {
				"method": "GET",
				"header": []
			},
			"response": []
		},
		{
			"name": "Create Product",
			"request": {
				"method": "POST",
				"header": [],
				"body": {
					"mode": "raw",
					"raw": "{\n    \"name\": \"Apple Ipad 2023\",\n    \"description\": \"The new Apple Ipad\",\n    \"price\": \"1999.99\",\n    \"testing\": \"Bla Bla bla\"\n}",
					"options": {
						"raw": {
							"language": "json"
						}
					}
				},
				"url": {
					"raw": "http://localhost:8080/api/product",
					"protocol": "http",
					"host": [
						"localhost"
					],
					"port": "8080",
					"path": [
						"api",
						"product"
					]
				}
			},
			"response": []
		},
		{
			"name": "Update Product",
			"request": {
				"method": "PUT",
				"header": [],
				"body": {
					"mode": "raw",
					"raw": "",
					"options": {
						"raw": {
							"language": "json"
						}
					}
				}
			},
			"response": []
		},
		{
			"name": "Delete Product",
			"request": {
				"method": "DELETE",
				"header": []
			},
			"response": []
		}
	]
}