{
	"info": {
		"_postman_id": "83c41b2c-5502-4a27-bbbc-8a32d4cd07e2",
		"name": "Api-Gateway",
		"schema": "https://schema.getpostman.com/json/collection/v2.1.0/collection.json",
		"_exporter_id": "29886816"
	},
	"item": [
		{
			"name": "Place Order - Insufficient Stock",
			"request": {
				"method": "POST",
				"header": [],
				"body": {
					"mode": "raw",
					"raw": "{\n    \"orderLineItemDtoList\": [\n        {\n            \"skuCode\": \"sku_12345\",\n            \"price\": 200,\n            \"quantity\": 2\n        },\n        {\n            \"skuCode\": \"sku_789123\",\n            \"price\": 300,\n            \"quantity\": 4\n        }\n    ]\n}\n\n",
					"options": {
						"raw": {
							"language": "json"
						}
					}
				},
				"url": {
					"raw": "http://localhost:8181/api/order",
					"protocol": "http",
					"host": [
						"localhost"
					],
					"port": "8181",
					"path": [
						"api",
						"order"
					]
				}
			},
			"response": []
		},
		{
			"name": "Place Order - Sufficient Stock",
			"request": {
				"method": "POST",
				"header": [],
				"url": {
					"raw": "http://localhost:8181/api/order",
					"protocol": "http",
					"host": [
						"localhost"
					],
					"port": "8181",
					"path": [
						"api",
						"order"
					]
				}
			},
			"response": []
		},
		{
			"name": "Get Product",
			"request": {
				"method": "GET",
				"header": [],
				"url": {
					"raw": "http://localhost:8181/api/order",
					"protocol": "http",
					"host": [
						"localhost"
					],
					"port": "8181",
					"path": [
						"api",
						"order"
					]
				}
			},
			"response": []
		},
		{
			"name": "Create Product",
			"request": {
				"method": "POST",
				"header": [],
				"url": {
					"raw": "http://localhost:8181/api/order",
					"protocol": "http",
					"host": [
						"localhost"
					],
					"port": "8181",
					"path": [
						"api",
						"order"
					]
				}
			},
			"response": []
		},
		{
			"name": "Update Product",
			"request": {
				"method": "PUT",
				"header": [],
				"url": {
					"raw": "http://localhost:8181/api/order",
					"protocol": "http",
					"host": [
						"localhost"
					],
					"port": "8181",
					"path": [
						"api",
						"order"
					]
				}
			},
			"response": []
		},
		{
			"name": "Delete Product",
			"request": {
				"method": "DELETE",
				"header": [],
				"url": {
					"raw": "http://localhost:8181/api/order",
					"protocol": "http",
					"host": [
						"localhost"
					],
					"port": "8181",
					"path": [
						"api",
						"order"
					]
				}
			},
			"response": []
		}
	]
}